Resume,Score
resume_1.txt,0.28453322739193865
resume_5.txt,0.28181641594351553
resume_3.txt,0.22694577603219326
resume_2.txt,0.12703179463779563
resume_4.txt,0.09023467898312462
